kw,existing_slug,existing_title,token_hits
"semi truck parking ac",parking-ac-for-semi-sleeper-berth,"parking ac for semi-truck sleeper berths: dot compliance and comfort",3
"truck parking air conditioner 24v",parking-ac-tunisia,"wholesale truck air conditioners for tunisia's transport fleet",3
"parking ac with heat pump",reduce-driver-heat-stress,"how to reduce driver heat stress with electric parking ac systems",3
"parking ac installation guide",truck-ac-installation-africa,"professional installation guide for truck parking ac in africa",3
"parking ac power and battery system",parking-ac-battery-management-system,"battery management systems (bms) for parking ac power: complete guide",4
"lifepo4 battery for parking ac",lifepo4-battery-for-parking-ac,"lifepo4 battery for parking ac: 2026 sizing & wiring guide",3
"truck idling laws by state",no-idle-truck-ac,"no-idle truck ac systems: how to comply with state anti-idling laws (2026)",4
"parking ac anti idling regulation",no-idle-ac-anti-idling-laws,"no-idle air conditioning: how parking acs help truck drivers comply with anti-idling laws",3
"fleet fuel savings no idle",parking-ac-fuel-savings-calculator,"parking ac fuel savings calculator 2026: idle cost vs dc parking ac vs apu",3
"dometic vs webasto parking ac",dometic-vs-webasto-parking-ac,"dometic vs webasto parking ac: side-by-side comparison (2026)",3
"parking ac install cost",parking-ac-installation-cost-2026,"parking ac installation cost 2026: shop rates by state and diy savings",3
"best place to install parking ac",parking-ac-for-school-bus-conversion,"parking ac for school bus conversions (skoolies): best options & install guide",3
"parking ac south africa",parking-ac-south-africa-cape-town-tourism,"parking air conditioning for cape town tourism: enhancing safari and tour vehicle operations",3
"how does parking ac work",how-parking-ac-works,"how does a parking air conditioner work? the complete technical explanation",3
"parking ac troubleshooting guide",parking-ac-not-cooling-troubleshooting,"parking ac not cooling? 2026 troubleshooting guide (step-by-step)",3
"parking ac after sales support",truck-ac-spare-parts-africa,"spare parts & after-sales support for truck ac in africa",3
"parking ac safety fire compliance",parking-ac-for-wildfire-response,"cooling solutions for wildfire response vehicles and firefighter safety",3