cluster_ids,url,status,word_count,title,h1,meta_description,top_unigrams,top_bigrams,top_trigrams
"H2-c01","https://www.youtube.com/watch?v=2MS8rJS2Drk","200","46","DC 12V Split Parking Air Conditioner For Semi Trucks For Only $1,600 (Closeout Sale) - Polar Fox APU - YouTube","","🔥 CLOSEOUT SALE – Only $1,600 for a High-Quality Split Parking A/C! Free Shipping Included🔥Get ready for summer with the Polar Fox DC 12V Split Parking Air...","split(5); parking(5); 12v(4); air(4); closeout(4); sale(4); polar(4); fox(4); conditioner(3); semi(3); trucks(3); apu(3); youtube(3)","",""
"H2-c01","https://www.youtube.com/watch?v=kpNMowbVp6o","200","35","How to Install 12V Split Air Conditioner? - YouTube","","Sunster 12V/24V parking air conditioner https://sunsterdirect.com/products/parking-air-conditioner-sunster-s-ac1?ref=taddydigestDiscount Code TaddyDigest 10 ...","air(5); conditioner(5); 12v(4); install(3); split(3); youtube(3)","",""
"H2-c01","https://www.huabonthermo.com/product/AC-2600ET-12V24V-DC-Powered-Truck-Parking-Air-Conditioner-62.html","200","969","AC-2600ET 12V/24V DC Powered Truck Parking Air Conditioner-Huabon Thermo-Make People's Lives Better!","AC-2600ET 12V/24V DC Powered Truck Parking Air Conditioner","AC-2600ET 12V/24V DC Powered Truck Parking Air Conditioner Drive Type: DC Powered Truck Parking Air Conditioner&amp;lt;br&amp;gt;
Installation Type: Roof Top Mounted&amp;lt;br&amp;gt;
Cooling Capacity: 2600W&amp;lt;br&amp;gt;
Voltage: DC12V/24V&amp;lt;br&amp;gt;
Refrigerant: R134a&amp;lt;br&amp;gt;","refrigeration(26); parking(21); air(20); units(20); truck(19); conditioner(15); cookies(13); powered(12); 24v(11); 2600et(10); thermo(9); 12v(8); unit(8); drive(6); 2600w(6)","refrigeration units(16); truck parking(10); air conditioner(10); parking air(9); refrigeration unit(7); powered truck(5); units direct(5); 2600et 12v(4); 12v 24v(4); 24v powered(4)","truck parking air(9); parking air conditioner(9); powered truck parking(5); 2600et 12v 24v(4); 12v 24v powered(4); 24v powered truck(4); refrigeration units direct(4); transport refrigeration unit(3)"
"H2-c01","https://www.tktev.com/products/truck-air-conditioner/","200","1784","Keep Cool on the Road: Premium Truck Air Conditioners for Sale","Truck Air Conditioner","Explore our range of premium truck air conditioners designed for maximum comfort. Stay cool during long hauls with our efficient and reliable AC units.","air(69); truck(44); conditioner(26); tkt(25); conditioning(22); system(15); 24v(14); conditioners(13); parking(12); get(12); dc12v(12); touch(11); contact(11); see(10); etc(10)","air conditioner(23); air conditioning(21); truck air(14); conditioning system(14); air conditioners(10); get touch(9); roof top(8); dc12v 24v(8); touch see(8); see support(8)","air conditioning system(14); truck air conditioner(8); get touch see(8); touch see support(8); see support project(8); support project respect(7); project respect confidentiality(7); respect confidentiality information(7)"
"H2-c01","https://www.youtube.com/watch?v=eWFLQ_Vfm2w","200","39","How I Installed a 12V Parking Air Conditioner Step by Step! - YouTube","","Sunster Air Conditionershttps://sunsterdirect.com/products/parking-air-conditioner-sunster-s-ax1?ref=taddydigestDiscount Code Taddy10 or TADDYDIGEST for 10% ...","step(6); air(5); parking(4); conditioner(4); installed(3); 12v(3); youtube(3)","",""
"H2-c01","https://www.guchen.com/electrical-truck-air-conditioner/ecooler-2600-battery-powered-truck-parking-coolers.html","200","1351","Semi Truck AC Unit for Truck Sleeper | Ecooler 2600","Ecooler 2600 DC Powered 12V/24V Truck Air Conditioner","Ecooler 2600 12V/24V DC powered truck air conditioner is best cost-effective unit for truck sleeper, semi-trailer truck sleeper cab. 12V/24V parking air conditioner available with ex-factory price.","air(65); truck(60); conditioner(60); bus(29); battery(23); ecooler(22); system(19); 12v(18); powered(17); guchen(17); electric(16); sleeper(15); parking(15); semi(13); unit(13)","air conditioner(52); bus air(19); truck air(15); thermal management(12); battery thermal(10); management system(10); electric bus(9); 12v 24v(9); parking truck(8); truck sleeper(7)","bus air conditioner(18); truck air conditioner(14); battery thermal management(10); thermal management system(9); electric bus air(8); parking truck air(8); powered air conditioner(5); air conditioner bus(4)"
"H2-c01","https://www.defuairconditioner.com/products/12v-and-24v-parking-air-conditioner-r1.html","200","2903","12V and 24V Parking Air Conditioners","12V and 24V Parking Air Conditioner R1","Sino Air offers a range of parking air conditioners designed to keep you cool and comfortable while parked. Choose from our 12V or 24V parking air conditioners, depending on your vehicle","air(122); parking(74); conditioner(66); 24v(36); conditioners(34); 12v(32); fan(27); compressor(23); power(23); check(20); condenser(19); mode(18); vehicle(17); unit(16); rooftop(14)","air conditioner(62); parking air(56); air conditioners(30); 12v 24v(23); 24v parking(13); power consumption(9); condenser fan(8); mode power(8); rooftop parking(7); air conditioning(7)","parking air conditioner(32); parking air conditioners(22); 12v 24v parking(13); 24v parking air(13); mode power consumption(8); rooftop parking air(7); air conditioners backpack(4); conditioners backpack parking(4)"
"H2-c01","https://www.e-compressor.com/compressor-for-parking-air-conditioner/","200","1463","CE Certification COMPRESSOR FOR PARKING AIR CONDITIONER Factory and Products - Manufacturers OEM Quotes | Posung","Top Picks: Compressor for Efficient Parking Air Conditioner Cooling , [Brand Name]","Find high-quality parking air conditioner compressors directly from the manufacturer. Explore our products and experience factory-made excellence. Shop now!","compressor(63); electric(60); air(38); 350v(36); compressors(34); scroll(31); conditioner(27); vehicle(21); plug(20); 540v(20); 48v(20); 60v(18); 72v(18); 800v(18); 144v(17)","540v 800v(18); 48v 60v(17); 60v 72v(17); 72v 96v(17); air conditioner(16); 96v 144v(16); 144v 312v(16); electric scroll(16); scroll compressor(16); 350v 540v(13)","48v 60v 72v(17); 60v 72v 96v(17); 72v 96v 144v(16); 96v 144v 312v(16); electric scroll compressor(15); 350v 540v 800v(13); 24v 48v 60v(12); plug electric vehicle(9)"
"H2-c01","https://www.instagram.com/p/DV0T7U0DG_H/","200","239","Instagram","","1 likes, 0 comments - holicen.wayne on March 13, 2026: &quot;Looking for a Reliable Parking AC Partner? &#x1f69a;&#x2744;&#xfe0f;

As a leading manufacturer with state-of-the-art facilities and top-tier R&amp;D, we deliver more than just cooling&#x2014;we deliver reliability. Our parking air conditioners are built to withstand the toughest road conditions while keeping drivers comfortable.
&#x2705; Fully automated production lines
&#x2705; Rigorous quality control
&#x2705; OEM/ODM services available
Upgrade your fleet with the best in the industry.

#ParkingAirConditioner #TruckAC #TruckPartsManufacturer #FleetManagement #OEM #TruckCoolingSystem #HeavyDutyTrucks&quot;.","instagram(8); wayne(6); parking(6); deliver(6); x2705(6); oem(6); holicen(5); comments(4); meta(4); looking(3); reliable(3); partner(3); leading(3); manufacturer(3); state(3)","holicen wayne(4); like comment(2); espa espa(2); fran ais(2)",""
"H2-c01","https://www.defuairconditioner.com/resources/parking-air-conditioner-how-long-can-it-run-when-parked.html","200","2112","Parking Air Conditioner: How long can it run when parked?","Parking Air Conditioner: How long can it run when parked?","As the name suggests, parking air conditioner refers to an air conditioner that can still run when the vehicle is parked, providing the driver with a comfortable rest environment","air(89); parking(63); conditioner(57); truck(32); battery(26); vehicle(22); parked(19); conditioners(15); long(12); power(12); run(11); system(11); time(11); conditioning(11); electric(10)","air conditioner(45); parking air(40); air conditioners(15); air conditioning(11); parking cooler(7); run parked(6); long run(5); diesel heaters(5); truck air(5); truck parking(5)","parking air conditioner(26); parking air conditioners(11); long run parked(5); air conditioner long(4); conditioner long run(4); rooftop parking air(4); backpack parking air(4); truck electric refrigeration(4)"
"H2-c01","https://www.alibaba.com/product-detail/Manufacturer-12V24V-Parking-Air-Conditioner-OEM_1601733861965.html","200","518","Manufacturer 12v24v Parking Air Conditioner Oem High Temperature Resistant Parking Ac Parking Cooler For Electric Cars - Buy 12v Air Conditioner other Air Conditioning Systems portable Air Conditioner","Manufacturer 12V24V Parking Air Conditioner OEM High Temperature Resistant Parking AC Parking Cooler for Electric Cars","Manufacturer 12v24v Parking Air Conditioner Oem High Temperature Resistant Parking Ac Parking Cooler For Electric Cars - Buy 12v Air Conditioner
other Air Conditioning Systems
portable Air Conditioner
dc Air Conditioner
12v Truck Air Conditioner
aire Acondicionado 12v
webasto
aire Portatil
car Air Conditioner
auto Parking Conditioner
12v Car Air Conditioner
12v Electric Air Conditioner
12
air Compressors
air Conditioner
car Trailer
aire Acondicionado
other Marine Supplies
ac
solar Air Conditioner Product on Alibaba.com","air(59); conditioner(54); parking(23); 12v(17); customization(12); car(10); electric(9); aire(9); oem(8); alibaba(8); supplier(8); sets(7); protection(7); manufacturer(6); 12v24v(6)","air conditioner(26); conditioner air(6); based customization(5); sets sets(4); parking air(3); conditioner 12v(3); minor customization(3); customization drawing(3); drawing based(3); manufacturer 12v24v(2)","air conditioner air(6); parking air conditioner(3); conditioner air conditioner(3); minor customization drawing(3); customization drawing based(3); drawing based customization(3); manufacturer 12v24v parking(2); 12v24v parking air(2)"
"H2-c01","https://www.hlskaac.com/parking-air-conditioner/","200","2394","Parking Air Conditioner Factory - China Parking Air Conditioner Manufacturers, Suppliers","Parking Air Conditioner","Parking Air Conditioner Manufacturers, Factory, Suppliers From China, Our professional technical team will be wholeheartedly at your service. We sincerely welcome you to visit our website and company and send us your inquiry.","air(71); compressors(53); conditioner(46); parking(44); car(37); moq(24); power(22); driving(20); vehicle(18); electric(17); compressor(16); 1pcs(16); cool(16); inquiry(14); split(14)","air conditioner(42); parking air(27); moq 1pcs(16); air conditioning(13); inquiry detail(12); temperature car(12); 12v 24v(9); air conditioners(9); moq 10pcs(8); trucks rvs(8)","parking air conditioner(17); parking air conditioning(6); kind air conditioner(6); air conditioner suitable(6); air conditioning one(4); conditioning one designed(4); one designed keep(4); designed keep cool(4)"
"H9-c64","https://www.vethy.com/parking-air-conditioner-supplier.html","200","855","Parking Air Conditioner Supplier | 12V/24V Mobile HVAC | Vethy","Parking Air Conditioner Supplier: 12V and 24V Mobile HVAC Systems","Vethy is a direct parking air conditioner supplier. 12V/24V rooftop and split systems for trucks, RVs, vans, buses and construction machinery. OEM, fleet and distributor supply.","parking(33); vethy(18); air(13); 24v(12); supplier(11); 12v(11); rooftop(11); conditioner(10); mobile(9); hvac(8); systems(8); split(7); oem(7); supply(7); days(7)","parking air(7); air conditioner(5); conditioner supplier(5); 12v 24v(5); info vethy(5); mobile hvac(4); vethy parking(4); rooftop split(4); split parking(4); supplier 12v(3)","parking air conditioner(5); air conditioner supplier(5); conditioner supplier 12v(3); supplier 12v 24v(3); 12v 24v mobile(3); 24v mobile hvac(3); rooftop split parking(3); trucks rvs vans(3)"
"H9-c64","https://onestopacparts.com/product-category/auto-air-condition/parking-air-conditioning-system/","","","","","","","",""
"H9-c64","https://us-ac.com/","","","","","","","",""
"H9-c64","https://www.cincinnati.com/press-release/story/41206/top-parking-air-conditioner-manufacturers-driving-change-in-the-commercial-vehicle-cooling-market/","200","1490","Top Parking Air Conditioner Manufacturers Driving Change in the Commercial Vehicle Cooling Market - Cincinnati.com | The Enquirer","Top Parking Air Conditioner Manufacturers Driving Change in the Commercial Vehicle Cooling Market","","manufacturers(23); parking(20); air(17); market(16); commercial(12); conditioner(10); vehicle(9); cooling(9); top(8); systems(8); content(7); units(7); markets(7); fleet(7); international(7)","parking air(10); air conditioner(7); qingdao donjelion(5); international trade(5); donjelion international(4); trade ltd(4); conditioner manufacturers(3); commercial vehicle(3); shandong province(3); air conditioners(3)","parking air conditioner(6); qingdao donjelion international(4); donjelion international trade(4); international trade ltd(4); air conditioner manufacturers(3); parking air conditioners(3); top parking air(2); conditioner manufacturers driving(2)"
"H9-c64","https://www.jpparkingheater.com/blog/Best-5-Wholesale-Suppliers-for-Parking-air-conditioning-and-Parking-Heater9","200","1735","Best 5 Wholesale Suppliers for Parking air conditioning and Parking Heater - JP China Trade Int’l Co., Ltd.","Best 5 Wholesale Suppliers for Parking air conditioning and Parking Heater","Modern cars are also full of infrared systems that heat and cool the air inside a halted car, so much for spending cold days in your freezing 1982 Ford we supposezbollah. These systems are used to enable truck drivers take breaks in their trucks, as well assist regular car o...","parking(38); air(30); heater(28); suppliers(16); wholesale(15); best(12); also(12); systems(12); comfort(12); top(10); control(10); well(9); industry(9); quality(9); conditioning(8)","parking air(10); parking heater(10); climate control(7); air conditioning(6); air heater(6); parking climate(6); air conditioner(5); parking comfort(5); comfort needs(5); suppliers parking(4)","parking climate control(6); parking air conditioner(5); suppliers parking air(4); parking air conditioning(4); parking comfort needs(4); camping car supplies(3); car supplies lpg(3); supplies lpg lng(3)"
"H9-c64","https://www.instagram.com/p/DXLvDRMCbxC/","200","223","Instagram","","5 likes, 2 comments - degrouplimited on April 15, 2026: &quot;Want a Parking AC That Sells Itself? &#x2744;&#xfe0f;
Truck &amp; RV owners trust quality. We deliver:
&#x1f539; 3-year warranty
&#x1f539; Premium compressor
&#x1f539; Custom branding available
&#x1f539; Fast global shipping
Reliable supply. Become a dealer today.
&#x1f4e9; DM for wholesale pricing.
#ParkingAC #B2B #airconitioner #Truck #RV #degroup&quot;.","instagram(8); x1f539(8); truck(6); clip(6); degrouplimited(5); meta(4); want(3); parking(3); sells(3); itself(3); owners(3); trust(3); quality(3); deliver(3); year(3)","clip clip(4); like comment(2); carousel clip(2); espa espa(2); fran ais(2)","carousel clip clip(2); clip clip clip(2)"
"H9-c64","https://www.facebook.com/CNDEautoparts/videos/reliable-parking-ac-for-b2b-%EF%B8%8F-3-year-warranty-high-quality-compressor-customized/1500970458026160/","200","49","Reliable Parking AC for B2B ❄️ ✅ 3-year warranty | High-quality compressor ✅ Customized for dealers &amp; fleets ✅ Strong supply | 1M+ units sold yearly ✅ Flexible shipping available Partner with a tr","","Reliable Parking AC for B2B &#x2744;&#xfe0f;

&#x2705; 3-year warranty | High-quality compressor
&#x2705; Customized for dealers &amp; fleets
&#x2705; Strong supply | 1M+ units sold yearly
&#x2705;...","x2705(8); reliable(4); parking(4); b2b(4); year(4); warranty(4); high(4); quality(4); compressor(4); customized(4); dealers(4); fleets(4); strong(4); supply(4); units(4)","",""
"H9-c64","https://www.thermalcontrolmagazine.com/air-conditioners/parking-air-conditioner-manufacturers-reshape-the-commercial-vehicle-cooling-market/","200","1414","Parking air conditioner manufacturers reshape the commercial vehicle cooling market | Thermal Control Business Update | HVAC-R Industry","Parking air conditioner manufacturers reshape the commercial vehicle cooling market","The market for parking air conditioners has expanded gradually in recent years, supported by stricter anti-idling regulations, rising fuel costs, and growing demand from long-haul trucking, construction, and outdoor recreation sectors. A product category that once served a limited niche has evolved into a competitive global market, with manufacturers in China, Europe, and North America The market for parking air conditioners has expanded gradually in recent years, supported by stricter anti-idling regulations, rising fuel costs, and growing demand from long-haul trucking, construction, and outdoor recreation sectors. A product category that once served a limited niche has evolved into a competitive global market, with manufacturers in China, Europe, and North America developing more effici","air(26); market(21); parking(19); cooling(18); manufacturers(17); systems(16); conditioner(11); commercial(11); hvac(11); industry(11); control(10); data(10); vehicle(9); global(9); centre(9)","parking air(11); air conditioner(8); air conditioning(7); data centre(6); listen articlestoppauseresume(5); thermal control(4); control business(4); business update(4); air conditioners(4); cooling systems(4)","parking air conditioner(5); thermal control business(4); control business update(4); parking air conditioning(4); commercial vehicle cooling(3); vehicle cooling market(3); air conditioning systems(3); world environment day(3)"
"H9-c64","https://www.wisfarmer.com/press-release/story/39003/top-parking-air-conditioner-manufacturers-driving-change-in-the-commercial-vehicle-cooling-market/","200","1489","Top Parking Air Conditioner Manufacturers Driving Change in the Commercial Vehicle Cooling Market - Wisconsin State Farmer","Top Parking Air Conditioner Manufacturers Driving Change in the Commercial Vehicle Cooling Market","","manufacturers(23); parking(20); air(17); market(16); commercial(12); conditioner(10); vehicle(9); cooling(9); top(8); systems(8); content(7); units(7); markets(7); fleet(7); international(7)","parking air(10); air conditioner(7); qingdao donjelion(5); international trade(5); donjelion international(4); trade ltd(4); conditioner manufacturers(3); commercial vehicle(3); shandong province(3); air conditioners(3)","parking air conditioner(6); qingdao donjelion international(4); donjelion international trade(4); international trade ltd(4); air conditioner manufacturers(3); parking air conditioners(3); top parking air(2); conditioner manufacturers driving(2)"
"H9-c64","https://www.alibaba.com/price-comparison/parking-ac-distributor","200","54","404-Error","","","ali(24); ncom(18); alimod(11); common(9); false(9); error(8); alita(7); hugo4(7); new(6); name(6); ncmsfetchcode(5); componentversionid(5); fullname(5); hidden(5); limitconfig(5)","ali ncom(18); alimod alita(7); ncom hugo4(7); ali alimod(6); fullname ali(5); alita new(5); hidden false(5); false limitconfig(5); limitconfig name(5); name alimod(5)","ali ncom hugo4(7); fullname ali alimod(5); alimod alita new(5); hidden false limitconfig(5); false limitconfig name(5); limitconfig name alimod(5); settings uuid version(5); ali alimod alita(4)"
"H9-c64","https://www.instagram.com/p/DJ_bK20Rmp7/","200","230","Instagram","","11 likes, 1 comments - nbanchorgroup on May 23, 2025: &quot;&#x1f69a;&#x2744;&#xfe0f; Discover Anchor Group&#x2019;s 12V/24V Truck Parking Cooler and turnkey rooftop A/C units in action! Our customers love the efficient, silent cooling that keeps cabins comfortable during breaks. As your global B2B partner, we deliver reliable vehicle climate solutions&#x2014;park, chill &amp; drive on! &#x1f30d;&#x1f527;
More info at: https://onestopacparts.com/products-item/car-air-conditioning-system-manufacturer/
#TruckCooling #ParkingCooler #TruckAC #MobileClimate #B2B #AnchorGroup&quot;.","instagram(8); b2b(6); nbanchorgroup(5); anchor(4); group(4); meta(4); discover(3); 12v(3); 24v(3); truck(3); parking(3); cooler(3); turnkey(3); rooftop(3); units(3)","like comment(2); clip clip(2); espa espa(2); fran ais(2)",""
"H9-c64","https://www.knoxnews.com/press-release/story/153204/top-parking-air-conditioner-manufacturers-driving-change-in-the-commercial-vehicle-cooling-market/","200","1492","Top Parking Air Conditioner Manufacturers Driving Change in the Commercial Vehicle Cooling Market - Knox News | The Knoxville News-Sentinel","Top Parking Air Conditioner Manufacturers Driving Change in the Commercial Vehicle Cooling Market","","manufacturers(23); parking(20); air(17); market(16); commercial(12); conditioner(10); vehicle(9); cooling(9); top(8); systems(8); content(7); units(7); markets(7); fleet(7); international(7)","parking air(10); air conditioner(7); qingdao donjelion(5); international trade(5); donjelion international(4); trade ltd(4); conditioner manufacturers(3); commercial vehicle(3); shandong province(3); air conditioners(3)","parking air conditioner(6); qingdao donjelion international(4); donjelion international trade(4); international trade ltd(4); air conditioner manufacturers(3); parking air conditioners(3); top parking air(2); conditioner manufacturers driving(2)"
"H6-c26","https://www.reddit.com/r/vandwellers/comments/rsa243/experience_with_one_or_both_chinese_diesel_heater/","200","6","Reddit - Please wait for verification","","","","",""
"H6-c26","https://firstratetools.com/chinese-diesel-heaters-vs-webasto-eberspacher-what-importers-must-know-in-2025/","200","1108","Chinese vs Webasto Diesel Heaters: Price, Quality &amp; OEM Guide","Chinese Diesel Heaters vs Webasto &amp; Eberspacher: What Importers Must Know","Compare price, quality &amp; OEM options: Chinese diesel heaters vs Webasto &amp; Eberspächer. CE/E-Mark certified, 2-8kW. Trusted by 500+ importers in 60+ countries.","diesel(32); chinese(27); heaters(23); webasto(14); oem(14); heater(12); importers(10); eberspacher(9); tools(9); quality(8); get(8); contact(7); private(7); brands(7); guide(6)","chinese diesel(12); diesel heaters(11); diesel heater(6); webasto eberspacher(6); power tools(5); private label(5); heaters webasto(4); buying guides(4); heat gun(3); label brands(3)","chinese diesel heaters(10); diesel heaters webasto(4); heaters webasto eberspacher(4); private label brands(3); category buying guides(3); cordless tools electric(2); tools electric sander(2); electric sander heat(2)"
"H6-c26","https://www.youtube.com/watch?v=CpdcRwgHCtQ","","","","","","","",""
"H6-c26","https://www.stokeloafvan.com/blog-1/van-build-5-reasons-why-we-chose-the-chinese-diesel-heater-cdh","200","1203","Van Build - 5 Reasons Why We Chose the Chinese Diesel Heater &mdash; STOKE LOAF VAN","5 Reasons Why We Chose the Chinese Diesel Heater","After our Webasto gas heater left us cold and frustrated last winter, we decided to install a Chinese Diesel Heather (or CDH) in our van this winter. In this post we cover the 5 reasons we decided to install this heater in our van.","heater(31); van(28); diesel(20); chinese(16); webasto(13); winter(9); install(9); post(9); heaters(9); blog(8); reasons(7); cdh(7); build(6); chose(6); shop(6)","chinese diesel(10); diesel heater(7); diesel heaters(6); van life(4); webasto heater(4); replacement parts(4); reasons chose(3); stoke loaf(3); loaf van(3); store shop(3)","chinese diesel heater(5); chinese diesel heaters(4); stoke loaf van(3); store shop van(3); shop van blog(3); van stats contact(3); stats contact blog(3); reasons chose chinese(2)"
"H6-c26","https://gwynandami.com/the-best-heater-for-van-life-eberspacher-vs-webasto/","200","1842","The best heater for van life: Eberspächer vs. Webasto - Gwyn and Ami","The best heater for van life: Eberspächer vs. Webasto","In this blog post we compare camper van heater options by Eberspächer vs. Webasto and break down which one is the best heater for van life.","van(50); ebersp(35); cher(35); heater(34); webasto(31); camper(19); best(17); life(17); travel(17); heaters(17); national(11); options(10); also(10); unit(8); parks(7)","ebersp cher(30); van life(12); camper van(11); best heater(8); heater van(8); cher webasto(8); national parks(7); camper vans(6); destinations travel(6); heater options(5)","best heater van(8); heater van life(8); ebersp cher webasto(8); van life ebersp(4); life ebersp cher(4); portable propane heaters(4); heaters camper vans(4); truck camper van(3)"
"H6-c26","https://forum.projectvanlife.com/t/cheap-vs-expensive-diesel-heaters/8368","200","13","Cheap vs Expensive Diesel Heaters - Van life Forum | Project Van Life","","Just watched a video where a cheap (under $200 Chinese Copy) is compared to an Espar Diesel heater. 
The Espar is about $1400 US compared to the Chinese copy about $130 US 
I have 3 Chinese diesel heaters.  I have had on&amp;hellip;","diesel(5); cheap(4); heaters(4); van(4); life(4); expensive(3); chinese(3)","van life(2)",""
"H6-c26","https://www.facebook.com/groups/1837976543113127/posts/3361204530790313/","200","15","Puget Sound Boating | I have a Cutwater 24 coupe with a Webasto diesel heater","","I have a Cutwater 24 coupe with a Webasto diesel heater. It has the Webasto smart thermostat which I totally hate. Not user friendly at all. Any...","webasto(5); cutwater(4); coupe(4); diesel(4); heater(4); puget(3); sound(3); boating(3)","",""
"H6-c26","https://www.canalworld.net/forums/index.php?/topic/122535-webasto-eberspacher-or-other%E2%80%A6/","200","2973","Webasto, Eberspacher or other…. - Boat Building &amp; Maintenance - Canal World","Webasto, Eberspacher or other….","Hi All, I’ve spent a few hours reading articles on here, watching videos on Webasto, Eberspacher and cheap Chinese diesel water heaters and would appreciate people’s opinions on which make of heater to buy. Is there a general consensus on which brand offers the best all round water heater? As an ...","webasto(35); september(30); boat(29); posted(28); eberspacher(22); unit(21); new(20); sign(15); heater(14); report(14); years(13); buy(11); member(11); one(11); kit(11)","posted september(28); report posted(14); gender male(9); webasto eberspacher(8); member gender(7); view new(6); new content(6); male location(6); boat name(6); new one(6)","report posted september(14); view new content(6); member gender male(6); gender male location(6); boat building maintenance(5); brand new one(4); posted september minutes(4); september minutes ago(4)"
"H6-c26","https://forum.expeditionportal.com/threads/espar-vs-webasto-which-is-best.187958/","200","3","Just a moment...","","","","",""
"H6-c26","https://www.promasterforum.com/threads/espar-gas-heater-or-webasto.94060/","200","3313","Espar gas heater or Webasto? | Ram Promaster Forum","Espar gas heater or Webasto?","I&#039;m getting ready to convert a 2021 Promaster 159 this Spring and have been researching for a heater. I like the fact that the Espar has an automatic...","like(50); reply(47); posts(36); joined(36); save(36); share(36); quote(36); heater(31); promaster(24); gas(22); feb(22); van(21); diesel(20); webasto(18); propane(16)","save share(36); share reply(36); reply quote(36); quote like(36); posts joined(35); joined feb(22); joined mar(14); ram promaster(13); windlover discussion(7); discussion starter(7)","save share reply(36); share reply quote(36); reply quote like(36); posts joined feb(22); posts joined mar(13); windlover discussion starter(7); discussion starter posts(7); starter posts joined(7)"
"H6-c26","https://www.facebook.com/groups/243841006270774/posts/1809582863029906/","200","19","Narrowboat Interiors UK | Hi all. I&#039;m struggling to choose between webesto or eberspacher diesel heaters. What&#039;s your thoughts?","","Hi all. 
I&#039;m struggling to choose between webesto or eberspacher diesel heaters. What&#039;s your thoughts?","struggling(4); choose(4); webesto(4); eberspacher(4); diesel(4); heaters(4); thoughts(4); narrowboat(3); interiors(3)","",""
"H6-c26","https://www.canalworld.net/forums/index.php?/topic/114926-boat-heating-webasto-or-eberspacher/","200","2908","Boat heating webasto or eberspacher? - Boat Equipment - Canal World","Boat heating webasto or eberspacher?","Hi Were looking to install a heating/ hot water system so Webasto or Eberspacher? No dodgy Russian or Chinese systems though!😀","posted(51); boat(39); heating(33); webasto(27); report(26); eberspacher(21); water(21); gender(21); hot(20); days(19); system(18); male(18); ago(17); idle(17); stu(16)","report posted(25); gender male(18); idle days(17); stu penny(16); patron gender(14); hot water(13); male location(13); boat name(13); webasto eberspacher(11); water system(8)","gender male location(13); patron gender male(12); hot water system(8); report posted minutes(7); posted minutes ago(7); stu penny said(7); boat heating webasto(6); heating webasto eberspacher(6)"
"H8-c46","https://www.accenter.com/attend/parking-transportation","200","833","Parking & Transportation | Atlantic City Convention Center","Parking & Transportation","","atlantic(27); city(27); center(22); parking(19); transportation(15); convention(14); event(12); airport(8); catering(6); concessions(6); business(6); exhibit(6); services(6); visit(6); plan(5)","atlantic city(25); convention center(11); city convention(9); parking transportation(7); catering concessions(6); book event(4); event calendar(4); advertising sponsorship(4); business center(4); concessions directions(4)","atlantic city convention(9); city convention center(9); catering concessions directions(4); concessions directions parking(4); directions parking transportation(4); visit atlantic city(4); book event event(2); event event calendar(2)"
"H8-c46","https://www.acnj.gov/Departments/residential-parking","200","216","The Official Website of City of Atlantic City, NJ - Residential Parking","Translate Website","","city(11); website(6); atlantic(6); parking(6); residential(4); official(3); translate(3); each(3); permit(3); meetings(3)","atlantic city(5); city atlantic(3); residential parking(3); translate website(2)","city atlantic city(3)"
"H8-c46","https://www.acairport.com/parking","200","557","Atlantic City International Airport Parking | ACY","","Atlantic City International Airport | Convenient Parking Options | Free Shuttle | Cell Phone Lot | ADA Accessible","parking(29); acy(13); discover(10); atlantic(9); city(9); airport(9); hours(8); international(7); services(7); hour(6); ezpass(6); lot(5); layout(5); reserve(4); terminal(4)","atlantic city(6); city international(4); international airport(4); reserve parking(4); lot available(3); parking per(3); per day(3); day first(3); first hour(3); hour each(3)","atlantic city international(4); city international airport(4); parking per day(3); per day first(3); day first hour(3); first hour each(3); hour each additional(3); each additional hour(3)"
"H8-c46","https://www.reddit.com/r/atlanticcity/comments/1busspy/parking_question_in_ac/","200","6","Reddit - Please wait for verification","","","","",""
"H8-c46","https://www.tripadvisor.com/Hotel_Feature-g150798-d8678617-zft12116-Ac_Hotel_Guadalajara_Mexico.html","200","2504","Is there parking at Ac Hotel Guadalajara, Mexico? Pictures &amp; Reviews - Tripadvisor","Ac Hotel Guadalajara, Mexico Parking Pictures &amp; Reviews (Mexico)","See photos and read reviews for the Ac Hotel Guadalajara, Mexico parking in Mexico. Everything you need to know about the Ac Hotel Guadalajara, Mexico parking at Tripadvisor.","guadalajara(82); hotels(64); hotel(54); near(30); tripadvisor(29); parking(27); mexico(27); read(19); reviews(17); bubbles(17); review(16); stay(14); pool(14); llc(13); popular(13)","hotels near(25); hotels guadalajara(23); hotel guadalajara(16); guadalajara mexico(16); tripadvisor llc(13); guadalajara hotels(11); subjective opinion(9); guadalajara guadalajara(8); wrote review(5); contributions helpful(5)","hotel guadalajara mexico(15); read read less(5); read less date(5); less date stay(5); trip type traveled(5); review subjective opinion(5); subjective opinion tripadvisor(5); opinion tripadvisor member(5)"
"H8-c46","https://www.mexicorestaurantbar.com/parking-info/","","","","","","","",""
"H8-c46","https://www.auto-airconditioners.com/news/mexican-customer-shared-split-truck-parking-ac-85527549.html","200","818","Mexican Customer Shared Split Truck Parking AC Installation: Metal Outdoor Unit & Quiet Indoor Unit","Mexican Customer Shared Split Truck Parking AC Installation: Metal Outdoor Unit & Quiet Indoor Unit","Our Mexican customer shared real installation photos of our split truck parking air conditioner! Features metal shell outdoor unit for durability and ultra-quiet indoor unit for driver comfort, perfect for Mexico’s high-temperature trucking routes. 12V/24V optional, engine-off cooling.","truck(32); parking(20); unit(17); mexican(15); split(15); air(13); customer(10); installation(10); metal(10); outdoor(10); conditioner(10); quiet(9); shared(8); indoor(8); mexico(8)","truck parking(13); air conditioner(9); split truck(7); mexican customer(5); outdoor unit(4); quiet indoor(4); indoor unit(4); parking cooling(4); customer shared(3); shared split(3)","split truck parking(7); quiet indoor unit(4); mexican customer shared(3); customer shared split(3); shared split truck(3); truck parking installation(3); parking installation metal(3); installation metal outdoor(3)"
"H8-c46","https://en.parkopedia.com/parking/garage/ac_hotel_cincinnati_at_the_banks/45202/cincinnati/","200","9","AC Hotel Cincinnati at The Banks - Parking Lot","","Find parking costs, opening hours and a parking map of AC Hotel Cincinnati at The Banks 135 Joe Nuxhall Way as well as other parking lots, street parking, parking meters and private garages for rent in Cincinnati","parking(7); cincinnati(4); hotel(3); banks(3)","",""
"H8-c46","https://www.reddit.com/r/atlanticcity/comments/1j8xs4z/ac_parking_question/","200","6","Reddit - Please wait for verification","","","","",""
"H8-c46","https://www.marriott.com/en-us/hotels/mexac-ac-hotel-santa-fe/overview/","200","16","Access Denied","Access Denied","","access(5); denied(4)","access denied(2); 62d02e17 761b2f50(2)",""
"H8-c46","https://www.tripadvisor.com/Hotel_Feature-g1006488-d12549274-zft12116-AC_Hotel_by_Marriott_Guadalajara_Expo_Mexico.html","200","2434","Is there parking at AC Hotel by Marriott Guadalajara Expo Mexico? Pictures &amp; Reviews - Tripadvisor","AC Hotel by Marriott Guadalajara Expo Mexico Parking Pictures &amp; Reviews (Zapopan, Mexico)","See photos and read reviews for the AC Hotel by Marriott Guadalajara Expo Mexico parking in Zapopan, Mexico. Everything you need to know about the AC Hotel by Marriott Guadalajara Expo Mexico parking at Tripadvisor.","hotels(59); zapopan(50); hotel(31); near(31); parking(26); guadalajara(24); mexico(23); marriott(22); tripadvisor(21); expo(20); reviews(15); room(15); read(13); popular(13); see(9)","hotels near(25); zapopan hotels(18); hotels zapopan(16); guadalajara expo(13); hotel marriott(12); marriott guadalajara(12); expo mexico(12); tripadvisor llc(9); near universidad(6); zapopan zapopan(5)","hotel marriott guadalajara(12); marriott guadalajara expo(12); guadalajara expo mexico(12); hotels near universidad(6); zapopan hotels near(5); hotels near centro(4); near centro universitario(4); centro universitario une(4)"
"H8-c46","https://www.jpparkingheater.com/blog/Best5ManufacturersforParking-Air-ConditionerinBrazil3","200","1033","Best 5 Manufacturers for Parking Air Conditioner in Brazil - JP China Trade Int’l Co., Ltd.","Best 5 Manufacturers for Parking Air Conditioner in Brazil","It is an air conditioner that can keep cars in a cool and comfortable environment even during hot weather. Brazil already has an immense necessity for parking air conditioners due to the increase of cars in a residence. In this post, we will discuss the top five manufacturer...","air(35); parking(25); heater(23); conditioner(12); brazil(11); conditioners(10); top(9); quality(9); manufacturers(7); best(6); hot(6); manufacturer(6); car(6); water(6); customers(6)","parking air(14); air conditioner(9); air conditioners(9); parking heater(7); air heater(6); heater parts(4); air parking(4); customer service(4); manufacturers parking(3); conditioner brazil(3)","parking air conditioner(8); parking air conditioners(6); air parking heater(4); manufacturers parking air(3); air conditioner brazil(3); camping car supplies(3); car supplies lpg(3); supplies lpg lng(3)"
"H5-c17","https://www.epa.gov/sites/default/files/documents/CompilationofStateIdlingRegulations.pdf","200","17450","","","","obj(15); endobj(14); stream(7); type(3)","endobj obj(13); obj endobj(7); obj stream(6); endstream endobj(2)","endobj obj endobj(6); obj endobj obj(6); endobj obj stream(5); endstream endobj obj(2)"
"H5-c17","https://dec.ny.gov/environmental-protection/air-quality/controlling-motor-vehicle-pollution/youre-the-key-to-being-idle-free","200","1340","You&#039;re The Key To Being Idle Free - NYSDEC","You&#039;re The Key To Being Idle Free","Idling is running a gasoline- or diesel-powered engine when the vehicle is parked and not moving. Turn off that key and be idle-free to protect public health and our environment.","idling(20); environmental(17); dec(14); idle(13); air(12); key(11); free(10); off(10); regulations(10); exhaust(10); environment(8); new(8); york(8); health(7); get(7)","new york(8); key idle(6); idle free(6); shut off(5); environmental protection(4); effects idling(4); climate change(3); acid rain(3); get involved(3); controlling air(3)","key idle free(6); controlling air pollution(3); department environmental conservation(2); environmental notice bulletin(2); new york state(2); website usage policies(2); doing business dec(2); air pollution motor(2)"
"H5-c17","https://cleancities.energy.gov/files/docs/idlebox_idlebase_database.xlsx","200","17438","","","","xml(24); worksheets(23)","vyvz worksheets(2)",""
"H5-c17","https://www.topmarkfunding.com/anti-idling-laws-in-the-united-states/","200","1633","Anti-Idling Laws In The United States &ndash; TopMark Funding","Anti-Idling Laws in the United States","Various states in the United States have enacted anti-idling laws to curb pollution. Here is a basic rundown.","financing(99); truck(44); trailer(26); minutes(24); trucks(19); idling(17); equipment(14); semi(13); states(12); now(12); trucking(12); april(12); apply(11); funding(10); commercial(10)","truck financing(27); trailer financing(19); apply now(11); financing apply(9); equipment financing(8); june april(8); april march(8); march february(8); february january(8); january december(8)","financing apply now(9); june april march(8); april march february(8); march february january(8); february january december(8); january december november(8); december november october(8); november october september(8)"
"H5-c17","https://www.cnsprotects.com/news/top-5-strictest-anti-idling-states-against-truckers/","200","2875","Top 5 Strictest Anti-Idling States Against Truckers | Compliance Navigation Specialists","Top 5 Strictest Anti-Idling States Against Truckers","","dot(101); program(77); psm(61); cns(45); services(43); compliance(40); vehicle(37); audit(34); safety(33); training(33); company(32); driver(29); licensing(26); carrier(25); broker(25)","program psm(36); dot compliance(24); dot audit(16); motor carrier(11); online training(11); psm freight(10); freight broker(10); broker program(10); dot licensing(10); driver training(9)","psm freight broker(10); freight broker program(10); psm short haul(8); short haul construction(8); haul construction program(8); psm custom program(7); psm motor carrier(7); motor carrier program(7)"
"H5-c17","https://www.pridetransport.com/news-and-events/understanding-antiidling-laws-and-what-they-mean","200","1108","Understanding Anti-Idling Laws and What They Mean | Pride","","We break down what anti-idling laws mean, why enforcement is growing, and how you can stay comfortable while using proven idle-reduction solutions. Read:","idling(39); laws(23); anti(18); pride(13); stay(11); comfortable(10); truck(10); exemptions(10); idle(8); drivers(8); driver(8); areas(8); time(8); limit(8); mean(7)","anti idling(12); idling laws(12); pride transport(5); time limit(5); limit minutes(5); minutes notable(5); notable exemptions(5); driver jobs(4); laws mean(3); customer login(3)","anti idling laws(12); time limit minutes(5); limit minutes notable(5); minutes notable exemptions(5); understanding anti idling(2); idling laws mean(2); laws mean pride(2); news events non(2)"
"H5-c17","https://doee.dc.gov/service/engine-anti-idling-law","200","541","Engine Anti-Idling Law | doee","Engine Anti-Idling Law","Motor vehicles are the largest source of emissions in the District. To reduce these emissions, the District has implemented a law to limit engine idling.","engine(16); idling(16); doee(10); district(10); air(9); quality(9); regulations(7); energy(7); anti(6); law(6); vehicles(6); enforcement(6); report(5); emissions(4); amp(4)","engine idling(9); air quality(7); engine anti(4); anti idling(4); regulations air(4); toxic substances(3); substances water(3); amp amp(3); idling law(2); doee doee(2)","engine anti idling(4); toxic substances water(3); anti idling law(2); laws regulations air(2); regulations air quality(2); air quality regulations(2); quality regulations air(2); regulations air pollution(2)"
"H5-c17","https://en.wikipedia.org/wiki/Idle_reduction","200","3989","Idle reduction - Wikipedia","Idle reduction","","idling(71); idle(43); truck(35); reduction(32); fuel(25); power(22); vehicle(22); stop(19); archived(18); original(18); pdf(17); states(16); edit(16); engine(16); trucks(16)","idle reduction(24); archived original(18); truck stop(14); anti idling(13); stop electrification(12); retrieved november(10); united states(8); idling laws(8); department energy(7); truck stops(7)","truck stop electrification(12); archived original pdf(7); environmental protection agency(5); move sidebar hide(4); auxiliary power units(4); long duration idling(4); united states department(4); fuel operated coolant(3)"
"H5-c17","https://www.sa.gov/Directory/Departments/DRS/Mobility-Transportation/Anti-Idling-Ordinance","200","985","Anti-Idling Ordinance - City of San Antonio","Anti-Idling Ordinance","The City’s Anti-Idling Ordinance limits unnecessary idling of heavy-duty vehicles and buses to reduce air pollution and protect public health.","select(37); language(37); preferred(36); idling(22); vehicles(15); ordinance(11); anti(10); city(10); san(10); antonio(10); menu(9); vehicle(8); sub(7); public(6); air(5)","select preferred(36); preferred language(36); san antonio(9); sub menu(7); anti idling(6); idling ordinance(6); city san(5); language chinese(4); air conditioning(4); climate ready(3)","select preferred language(36); anti idling ordinance(5); city san antonio(5); preferred language chinese(4); english select preferred(2); preferred language espa(2); language espa spanish(2); espa spanish select(2)"
"H5-c17","https://www.onestl.org/toolkit/list/practice/no-idling-zone","200","2379","OneSTL - Solution: No Idling Zone","No Idling Zone","OneSTL is the result of an extensive community engagement process and more than seventy-five (75) separate studies all of which contribute to a vision for moving the St. Louis Metropolitan Area toward a healthy, prosperous, and livable future.  OneSTL encourages the combined efforts of individuals, governments, organizations, and the private sector to ensure that the region continues to grow and prosper economically while improving the environment.","idling(76); school(23); air(22); louis(16); vehicle(16); policy(15); idle(15); vehicles(14); anti(13); minutes(13); engine(11); program(11); bus(10); buses(10); pollution(9)","anti idling(13); idling policy(9); air pollution(8); idling policies(7); louis county(7); idling zone(5); air quality(5); idling zones(5); school districts(5); environmental protection(5)","anti idling policy(7); anti idling policies(6); environmental protection agency(5); air pollution control(5); heavy duty diesel(4); idle minutes minute(3); minutes minute period(3); let car idle(3)"
"H5-c17","https://sustainability.umd.edu/topics/idle-free-umd","200","995","Idle-Free UMD | SustainableUMD","Idle-Free UMD","In Maryland, you’re not legally allowed to idle longer than five minutes, yet engines benefit from being turned off after 10 seconds. Since idling emits pollutants that are harmful to the lungs, the less you idle, the better.","idling(27); sustainability(16); idle(14); vehicle(11); sustainableumd(9); maryland(9); engine(9); air(9); fuel(9); avoid(8); free(7); umd(7); one(7); each(7); year(7)","each year(5); idle free(4); free umd(3); avoid idling(3); vehicle motion(3); motor vehicle(3); air pollution(3); sustainability grants(2); get involved(2); education research(2)","idle free umd(3); sustainability fund sustainability(2); fund sustainability mini(2); sustainability mini grant(2); mini grant funding(2); grant funding sources(2); students faculty staff(2); faculty staff everyone(2)"
"H5-c17","https://cdllife.com/2014/idling-laws-state/","200","1199","Idling Laws By State","Idling Laws By State","Idling laws tend to differ greatly across the United States, and can be a little tricky to remember (especially in states with larger, harshly regulated cities)! Check out this quick reference map to find idling laws fast!","temperature(24); idle(21); vehicle(17); idling(14); laws(14); commercial(14); degrees(14); period(13); drivers(13); minutes(12); rest(10); state(9); less(9); air(8); trucking(6)","commercial vehicle(13); temperature less(9); drivers idle(9); idle temperature(7); less degrees(7); minutes minute(6); minute period(6); rest sleep(6); outside temperature(6); idle minutes(5)","temperature less degrees(7); minutes minute period(6); idle minutes minute(5); rest sleep period(5); auxiliary power unit(4); idle reduction technology(4); laws regulations june(4); driver idle temperature(3)"
"H6-c04","https://polarfoxapu.com/","200","1672","Polar Fox APU – Innovative Electric APU Solutions for Truckers","Polar Fox APU","Polar Fox APU provides advanced, eco-friendly electric APU systems designed for truck drivers and fleets. Our innovative technology reduces fuel costs, minimizes emissions, and enhances driver comfort. Built for reliability, simplicity, and performance, Polar Fox APU keeps your truck running efficiently on the road.","apu(61); polar(34); fox(34); electric(27); battery(19); truck(17); contact(15); watch(15); apus(15); diesel(14); lithium(13); fuel(12); power(11); view(10); solutions(9)","polar fox(25); fox apu(16); electric apu(11); watch watch(10); contact contact(8); electric apus(8); view view(6); apu systems(5); lithium battery(5); diesel apu(4)","polar fox apu(16); watch watch watch(5); contact contact contact(4); system polar fox(3); view view view(3); updated main business(2); continue shopping continue(2); shopping continue shopping(2)"
"H6-c04","https://www.heatso.com/battery-vs-diesel-best-apu-for-trucks","200","2211","Battery vs. Diesel: Best APU Unit for Truck Drivers - HEATSO","Battery vs. Diesel: Best APU Unit for Truck Drivers","Looking for the best APU unit for your truck? Consider fuel savings, comfort, and reduced emissions when choosing between battery and diesel options.","truck(38); diesel(34); heaters(33); apu(30); apus(29); battery(28); view(26); air(25); water(25); fuel(24); webasto(23); heater(20); powered(20); espar(19); power(17)","water heaters(16); battery powered(14); air heaters(12); apu unit(10); powered apus(8); heaters view(7); unit truck(6); view view(6); webasto air(6); air top(6)","apu unit truck(6); battery powered apus(6); webasto water heaters(5); espar water heaters(5); best apu unit(4); air heaters view(4); auxiliary power units(4); battery diesel best(3)"
"H6-c04","https://www.bonnenbatteries.com/pioneering-the-future-bonnens-electric-apu-systems-for-semi-trucks/","200","2055","What is an Electric APU (Auxiliary Power Unit) on a Semi Truck?","Pioneering the Future: Bonnen&#8217;s Electric APU Systems for Semi Trucks","Explore how Electric APUs for semi-trucks work and their advantages for fuel efficiency, reduced emissions, and driver comfort.","battery(69); electric(67); lithium(55); apu(46); bonnen(36); solutions(36); systems(30); power(23); semi(15); apus(15); pack(14); energy(12); trucks(11); custom(11); engine(11)","electric apu(32); lithium battery(31); battery pack(14); solutions lithium(14); apu systems(14); bonnen electric(12); bonnen battery(11); electric apus(11); battery solutions(9); custom lithium(8)","electric apu systems(13); bonnen electric apu(11); custom lithium battery(8); lithium battery solutions(6); electric car lithium(5); car lithium battery(5); lithium battery pack(5); auxiliary power unit(4)"
"H6-c04","https://electricapu.com/","200","2758","Electric APU - The Most-Advanced APU System","","Electric apu - Our Idle-Free system helps to significantly decrease your engine wear and tear, cut your fuel and DPF maintenance costs caused by idling, and make you stay on top with upcoming anti-idling laws.","system(55); apu(34); hours(34); engine(31); battery(29); cab(28); heater(18); truck(17); electric(16); warranty(16); professional(15); financing(14); read(14); get(12); installation(12)","cab engine(10); electric apu(9); battery pack(9); lithium battery(8); year warranty(8); top line(7); line system(7); hours cooling(6); air conditioner(6); coolant heater(6)","top line system(7); lithium battery pack(6); engine warm throughout(5); warm throughout night(5); technical storage access(5); get warranty testimonials(4); warranty testimonials pricing(4); testimonials pricing financing(4)"
"H6-c04","https://www.youtube.com/watch?v=9rzAiPGM0NI&vl=en","200","43","Diesel APU vs Battery APU Showdown: The Ultimate Pros and Cons! (Worth the Investment? 💸) - YouTube","","Diesel APU vs Battery APU Showdown: The Ultimate Pros and Cons! _______________Curious about whether Diesel or Battery APU&#39;s are the right choice for your tr...","apu(9); diesel(5); battery(5); showdown(4); ultimate(4); pros(4); cons(4); worth(3); investment(3); youtube(3)","",""
"H6-c04","https://www.thetruckersreport.com/truckingindustryforum/threads/advice-on-apu-or-battery-powered-system.213183/","200","2668","Advice on APU or Battery Powered system | TruckersReport.com Trucking Forum | #1 CDL Truck Driver Message Board","Advice on APU or Battery Powered system","hi, 
I own 2 trucks and looking to put apu or battery powered system. 

I was thinking of Dynasys apu  but since last week i came across some battery...","apu(29); cdl(29); job(28); battery(24); truck(23); years(22); posted(20); jun(17); months(17); powered(16); truckersreport(16); system(15); offers(15); please(15); trucking(12)","posted jun(14); battery powered(12); job offers(12); please select(12); years years(9); send job(9); load member(7); class cdl(6); months months(6); months year(6)","send job offers(9); months months year(6); months year years(6); years years years(6); years please select(6); checking box clicking(6); box clicking send(6); clicking send job(6)"
"H6-c04","https://www.reddit.com/r/vandwellers/comments/cfv2o2/apu_for_van/","200","6","Reddit - Please wait for verification","","","","",""
"H6-c04","https://www.youtube.com/watch?v=eaoxHjSoJBs","200","40","Get Cool With A Lithium Battery-powered Electric APU For Only $5500 Installed - YouTube","","12V All-In-One A/C Unit: ► https://fttfleet.com/products/12-24-48v-2000u-under-bench-off-grid-air-conditionerLithium Starting Batteries from Meayeah► https:/...","get(3); cool(3); lithium(3); battery(3); powered(3); electric(3); apu(3); installed(3); youtube(3)","",""
"H6-c04","https://www.ttnews.com/articles/apus-diesel-or-electric","200","2260","APUs: Diesel or Electric? - TT","APUs: Diesel or Electric?","Auxiliary power units allow truck drivers to have climate control for their sleepers and electricity for hotel loads without needing to idle the tractor engine, but fleets that elect to add APUs to the cab must decide how those APUs will be powered — by a small diesel engine or by batteries.","said(37); googletag(32); apu(32); diesel(29); apus(28); electric(20); top(16); div(16); gpt(16); truck(15); engine(15); drivers(13); idle(13); powered(12); fuel(12)","div gpt(16); electric apu(9); googletag cmd(8); cmd push(8); push function(8); function googletag(8); googletag defineslot(8); defineslot ttnewscom(8); addservice googletag(8); googletag pubads(8)","googletag cmd push(8); cmd push function(8); push function googletag(8); function googletag defineslot(8); googletag defineslot ttnewscom(8); addservice googletag pubads(8); googletag pubads googletag(8); pubads googletag display(8)"
"H6-c04","https://www.doityourself.com/forum/pick-up-trucks-large-passenger-cargo-vans-campers-trailers-rvs-motor-homes/621002-battery-powered-apu-system-problem.html","200","5558","battery powered apu system problem. - DoItYourself.com Community Forums","","Pick-Up Trucks, Large Passenger and Cargo Vans, Campers, Trailers, RV","posts(79); batteries(72); upvotes(48); view(40); shakin(39); apu(34); home(34); battery(31); find(26); system(25); join(24); date(24); received(24); public(24); profile(24)","join date(24); posts upvotes(24); upvotes received(24); received upvotes(24); upvotes posts(24); view public(24); public profile(24); find posts(24); profile find(22); shakin member(13)","posts upvotes received(24); upvotes received upvotes(24); received upvotes posts(24); view public profile(24); public profile find(22); profile find posts(22); shakin member thread(13); member thread starter(13)"
"H6-c04","https://www.thermoking.com/na/en/road/auxiliary-power-units/tripac-envidia-all-electric-apu.html","200","1130","TriPac Envidia® Electric APU | Thermo King","TriPac Envidia® All-Electric APU","Discover Thermo King Envidia, the leading electric APU for trucks. Envidia offers a clean, reliable all-electric APU that saves fuel and delivers unmatched driver comfort.","tripac(35); envidia(31); electric(19); apu(19); power(15); thermo(14); king(14); telematics(13); driver(11); rail(11); english(10); tracking(10); service(10); comfort(8); parts(8)","tripac envidia(22); thermo king(12); telematics tracking(6); pdf tripac(6); shore power(5); envidia electric(4); electric apu(4); auxiliary power(4); parts accessories(4); carb regulations(4)","pdf tripac envidia(6); tripac envidia electric(4); envidia electric apu(3); online parts store(3); auxiliary power units(3); region language latin(2); language latin america(2); latin america espa(2)"
"H6-c04","https://battlebornbatteries.com/collections/trucking-solutions?srsltid=AfmBOoqHB9LcmsQoAFVNPpstU7JWEEFqlTMOIecJTW3Vjp6sBKKrezM7","200","981","Trucking Solutions - Battle Born Batteries","Trucking Solutions","","battle(40); born(40); power(26); batteries(24); price(23); solar(18); solutions(15); trucking(12); shop(11); lifepo4(10); system(10); off(10); 12v(10); high(9); old(9)","battle born(38); find dealer(7); sale price(7); price regular(7); regular price(7); price off(7); trucking solutions(6); power solutions(6); power system(6); born electric(6)","sale price regular(7); price regular price(7); regular price off(7); battle born electric(6); born electric apu(6); frame battle born(6); lifepo4 deep cycle(6); deep cycle batteries(6)"